--
-- Script was generated by Devart dbForge Studio 2020 for MySQL, Version 9.0.338.0
-- Product home page: http://www.devart.com/dbforge/mysql/studio
-- Script date 9/21/2025 2:01:57 PM
-- Server version: 8.0.31
-- Client version: 4.1
--

-- 
-- Disable foreign keys
-- 
/*!40014 SET @OLD_FOREIGN_KEY_CHECKS=@@FOREIGN_KEY_CHECKS, FOREIGN_KEY_CHECKS=0 */;

-- 
-- Set SQL mode
-- 
/*!40101 SET @OLD_SQL_MODE=@@SQL_MODE, SQL_MODE='NO_AUTO_VALUE_ON_ZERO' */;

-- 
-- Set character set the client will use to send SQL statements to the server
--
SET NAMES 'utf8';

DROP DATABASE IF EXISTS library_management;

CREATE DATABASE IF NOT EXISTS library_management
CHARACTER SET utf8mb4
COLLATE utf8mb4_general_ci;

--
-- Set default database
--
USE library_management;

--
-- Create table `user`
--
CREATE TABLE IF NOT EXISTS user (
  UserID char(36) NOT NULL DEFAULT '' COMMENT 'ID của người dùng',
  UserCode varchar(20) NOT NULL DEFAULT '' COMMENT 'Mã người dùng',
  UserName varchar(100) NOT NULL DEFAULT '' COMMENT 'Tai khoan',
  Password varchar(100) NOT NULL DEFAULT '' COMMENT 'mat khau',
  FullName varchar(100) NOT NULL DEFAULT '' COMMENT 'Tên người dùng',
  PhoneNumber char(12) DEFAULT NULL,
  Email varchar(255) NOT NULL DEFAULT '' COMMENT 'Email người dùng',
  Status tinyint NOT NULL DEFAULT 1 COMMENT 'Trạng thái',
  CreatedDate datetime DEFAULT NULL COMMENT 'Ngày tạo',
  CreatedBy varchar(100) DEFAULT NULL COMMENT 'Tạo bởi',
  ModifiedDate datetime DEFAULT NULL COMMENT 'Ngày sửa',
  ModifiedBy varchar(100) DEFAULT NULL COMMENT 'Sửa bởi',
  PRIMARY KEY (UserID)
)
ENGINE = INNODB,
CHARACTER SET utf8mb4,
COLLATE utf8mb4_general_ci;

--
-- Create index `IDX_user_username_password` on table `user`
--
ALTER TABLE user
ADD UNIQUE INDEX IDX_user_username_password (UserName, Password);

--
-- Create table `category`
--
CREATE TABLE IF NOT EXISTS category (
  ID int NOT NULL AUTO_INCREMENT,
  Name varchar(100) NOT NULL,
  CreatedDate datetime DEFAULT CURRENT_TIMESTAMP,
  CreatedBy varchar(100) DEFAULT NULL,
  ModifiedDate datetime DEFAULT CURRENT_TIMESTAMP ON UPDATE CURRENT_TIMESTAMP,
  ModifiedBy varchar(100) DEFAULT NULL,
  PRIMARY KEY (ID)
)
ENGINE = INNODB,
AUTO_INCREMENT = 12,
CHARACTER SET utf8mb4,
COLLATE utf8mb4_general_ci;

--
-- Create index `Name` on table `category`
--
ALTER TABLE category
ADD UNIQUE INDEX Name (Name);

--
-- Create table `book`
--
CREATE TABLE IF NOT EXISTS book (
  ID int NOT NULL AUTO_INCREMENT,
  Title varchar(255) NOT NULL,
  Isbn varchar(20) DEFAULT NULL,
  Description text DEFAULT NULL,
  Publisher varchar(150) DEFAULT NULL,
  PublicationYear int DEFAULT NULL,
  TotalQuantity int NOT NULL DEFAULT 0,
  AvailableQuantity int NOT NULL DEFAULT 0,
  ThumbnailUrl varchar(255) DEFAULT NULL,
  CreatedDate datetime DEFAULT CURRENT_TIMESTAMP,
  CreatedBy varchar(100) DEFAULT NULL,
  ModifiedDate datetime DEFAULT CURRENT_TIMESTAMP ON UPDATE CURRENT_TIMESTAMP,
  ModifiedBy varchar(100) DEFAULT NULL,
  PRIMARY KEY (ID)
)
ENGINE = INNODB,
AUTO_INCREMENT = 111,
CHARACTER SET utf8mb4,
COLLATE utf8mb4_general_ci;

--
-- Create index `idx_BookTitle` on table `book`
--
ALTER TABLE book
ADD INDEX idx_BookTitle (Title);

--
-- Create index `Isbn` on table `book`
--
ALTER TABLE book
ADD UNIQUE INDEX Isbn (Isbn);

--
-- Create table `borrowing_record`
--
CREATE TABLE IF NOT EXISTS borrowing_record (
  ID int NOT NULL AUTO_INCREMENT,
  UserID char(36) NOT NULL,
  BookID int NOT NULL,
  BorrowDate datetime NOT NULL,
  Quantity int DEFAULT NULL,
  DueDate datetime NOT NULL,
  ReturnDate datetime DEFAULT NULL,
  Status int NOT NULL DEFAULT 1,
  CreatedDate datetime DEFAULT CURRENT_TIMESTAMP,
  CreatedBy varchar(100) DEFAULT NULL,
  ModifiedDate datetime DEFAULT CURRENT_TIMESTAMP ON UPDATE CURRENT_TIMESTAMP,
  ModifiedBy varchar(100) DEFAULT NULL,
  PRIMARY KEY (ID)
)
ENGINE = INNODB,
AUTO_INCREMENT = 2,
CHARACTER SET utf8mb4,
COLLATE utf8mb4_general_ci;

--
-- Create foreign key
--
ALTER TABLE borrowing_record
ADD CONSTRAINT borrowing_record_ibfk_1 FOREIGN KEY (UserID)
REFERENCES user (UserID) ON UPDATE CASCADE;

--
-- Create foreign key
--
ALTER TABLE borrowing_record
ADD CONSTRAINT borrowing_record_ibfk_2 FOREIGN KEY (BookID)
REFERENCES book (ID) ON UPDATE CASCADE;

--
-- Create table `book_category`
--
CREATE TABLE IF NOT EXISTS book_category (
  ID int DEFAULT NULL,
  BookID int NOT NULL,
  CategoryID int NOT NULL,
  CreatedDate datetime DEFAULT CURRENT_TIMESTAMP,
  CreatedBy varchar(100) DEFAULT NULL,
  ModifiedDate datetime DEFAULT CURRENT_TIMESTAMP ON UPDATE CURRENT_TIMESTAMP,
  ModifiedBy varchar(100) DEFAULT NULL
)
ENGINE = INNODB,
CHARACTER SET utf8mb4,
COLLATE utf8mb4_general_ci;

--
-- Create foreign key
--
ALTER TABLE book_category
ADD CONSTRAINT book_category_ibfk_1 FOREIGN KEY (BookID)
REFERENCES book (ID) ON DELETE CASCADE;

--
-- Create foreign key
--
ALTER TABLE book_category
ADD CONSTRAINT book_category_ibfk_2 FOREIGN KEY (CategoryID)
REFERENCES category (ID) ON DELETE CASCADE;

--
-- Create table `author`
--
CREATE TABLE IF NOT EXISTS author (
  ID int NOT NULL AUTO_INCREMENT,
  Name varchar(255) NOT NULL,
  CreatedDate datetime DEFAULT CURRENT_TIMESTAMP,
  CreatedBy varchar(100) DEFAULT NULL,
  ModifiedDate datetime DEFAULT CURRENT_TIMESTAMP ON UPDATE CURRENT_TIMESTAMP,
  ModifiedBy varchar(100) DEFAULT NULL,
  PRIMARY KEY (ID)
)
ENGINE = INNODB,
AUTO_INCREMENT = 21,
CHARACTER SET utf8mb4,
COLLATE utf8mb4_general_ci;

--
-- Create table `book_author`
--
CREATE TABLE IF NOT EXISTS book_author (
  ID int NOT NULL AUTO_INCREMENT,
  BookID int NOT NULL,
  AuthorID int NOT NULL,
  CreatedDate datetime DEFAULT CURRENT_TIMESTAMP,
  CreatedBy varchar(100) DEFAULT NULL,
  ModifiedDate datetime DEFAULT CURRENT_TIMESTAMP ON UPDATE CURRENT_TIMESTAMP,
  ModifiedBy varchar(100) DEFAULT NULL,
  PRIMARY KEY (ID)
)
ENGINE = INNODB,
AUTO_INCREMENT = 155,
CHARACTER SET utf8mb4,
COLLATE utf8mb4_general_ci;

--
-- Create foreign key
--
ALTER TABLE book_author
ADD CONSTRAINT FK_book_author_AuthorID FOREIGN KEY (AuthorID)
REFERENCES author (ID) ON DELETE CASCADE;

--
-- Create foreign key
--
ALTER TABLE book_author
ADD CONSTRAINT FK_book_author_BookID FOREIGN KEY (BookID)
REFERENCES book (ID) ON DELETE CASCADE;

--
-- Create table `user_role`
--
CREATE TABLE IF NOT EXISTS user_role (
  ID char(36) NOT NULL,
  UserID char(36) NOT NULL DEFAULT '' COMMENT 'ID người dùng',
  RoleID char(36) NOT NULL DEFAULT '' COMMENT 'ID vai trò',
  CreatedDate datetime DEFAULT NULL COMMENT 'Ngày tạo',
  CreatedBy varchar(100) DEFAULT NULL COMMENT 'Tạo bởi',
  ModifiedDate datetime DEFAULT NULL COMMENT 'Ngày sửa',
  ModifiedBy varchar(100) DEFAULT NULL COMMENT 'Sửa bởi',
  PRIMARY KEY (ID)
)
ENGINE = INNODB,
CHARACTER SET utf8mb4,
COLLATE utf8mb4_general_ci,
COMMENT = 'Bảng vai trò của người dùng';

--
-- Create index `UK_user_role` on table `user_role`
--
ALTER TABLE user_role
ADD UNIQUE INDEX UK_user_role (UserID, RoleID);

--
-- Create table `role`
--
CREATE TABLE IF NOT EXISTS role (
  RoleID char(36) NOT NULL DEFAULT '',
  RoleName varchar(255) NOT NULL DEFAULT '' COMMENT 'Tên vai trò',
  Description varchar(500) DEFAULT NULL COMMENT 'Mô tả',
  CreatedDate datetime DEFAULT NULL COMMENT 'Ngày tạo',
  CreatedBy varchar(100) DEFAULT NULL COMMENT 'Tạo bởi',
  ModifiedDate datetime DEFAULT NULL COMMENT 'Ngày sửa',
  ModifiedBy varchar(100) DEFAULT NULL COMMENT 'Sửa bởi',
  RoleCode varchar(255) DEFAULT NULL,
  PRIMARY KEY (RoleID)
)
ENGINE = INNODB,
AVG_ROW_LENGTH = 16384,
CHARACTER SET utf8mb4,
COLLATE utf8mb4_general_ci;

--
-- Create index `IDX_role_RoleName` on table `role`
--
ALTER TABLE role
ADD UNIQUE INDEX IDX_role_RoleName (RoleName);

-- 
-- Dumping data for table user
--
INSERT INTO user VALUES
('782157d7-74a8-46c5-a00d-f1190209c547', '@ADMIN', 'admin', '8d969eef6ecad3c29a3a629280e686cf0c3f5d5a86aff3ca12020c923adc6c92', 'Admin', '00000000000', 'admin@admin.com', 1, '2025-09-21 00:00:00', NULL, NULL, NULL),
('ad7003ca-896d-46ee-9bb7-dc4f1c79cb9a', '@MDZ3EA', 'long', '8d969eef6ecad3c29a3a629280e686cf0c3f5d5a86aff3ca12020c923adc6c92', 'Long Mike', '0329000342', 'user@example.com', 1, '2025-09-21 11:06:09', NULL, '2025-09-21 11:06:09', NULL);

-- 
-- Dumping data for table category
--
INSERT INTO category VALUES
(1, 'Văn học Việt Nam', '2025-09-20 21:02:32', 'System', '2025-09-20 21:02:32', 'System'),
(2, 'Văn học Nước ngoài', '2025-09-20 21:02:32', 'System', '2025-09-20 21:02:32', 'System'),
(3, 'Kinh tế - Quản trị', '2025-09-20 21:02:32', 'System', '2025-09-20 21:02:32', 'System'),
(4, 'Kỹ năng sống', '2025-09-20 21:02:32', 'System', '2025-09-20 21:02:32', 'System'),
(5, 'Lịch sử', '2025-09-20 21:02:32', 'System', '2025-09-20 21:02:32', 'System'),
(6, 'Khoa học viễn tưởng', '2025-09-20 21:02:32', 'System', '2025-09-20 21:02:32', 'System'),
(7, 'Trinh thám', '2025-09-20 21:02:32', 'System', '2025-09-20 21:02:32', 'System'),
(8, 'Sách thiếu nhi', '2025-09-20 21:02:32', 'System', '2025-09-20 21:02:32', 'System'),
(9, 'Tâm lý học', '2025-09-20 21:02:32', 'System', '2025-09-20 21:02:32', 'System'),
(10, 'Triết học', '2025-09-20 21:02:32', 'System', '2025-09-20 21:02:32', 'System');

-- 
-- Dumping data for table book
--
INSERT INTO book VALUES
(1, 'Hành Trình Về Phương Đông', '978-604-58-3810-8', 'Một cuốn sách kinh điển về hành trình tâm linh.', 'NXB Tổng hợp TP.HCM', 2018, 25, 22, NULL, '2025-09-20 21:02:32', 'System', '2025-09-21 13:49:17', NULL),
(2, 'Nhà Giả Kim', '978-604-86-6469-9', 'Cuộc phiêu lưu của cậu bé chăn cừu Santiago.', 'NXB Hội Nhà Văn', 2017, 50, 45, NULL, '2025-09-20 21:02:32', 'System', '2025-09-20 21:02:32', 'System'),
(3, 'Đắc Nhân Tâm', '978-604-58-5861-8', 'Nghệ thuật giao tiếp và ứng xử thông minh.', 'NXB Tổng hợp TP.HCM', 2019, 100, 88, NULL, '2025-09-20 21:02:32', 'System', '2025-09-20 21:02:32', 'System'),
(4, 'Sapiens: Lược Sử Loài Người', '978-604-88-2358-4', 'Khám phá lịch sử tiến hóa của loài người.', 'NXB Tri Thức', 2017, 40, 31, NULL, '2025-09-20 21:02:32', 'System', '2025-09-20 21:02:32', 'System'),
(5, 'Cho Tôi Xin Một Vé Đi Tuổi Thơ', '978-604-2-12797-7', 'Hồi ức về tuổi thơ trong sáng và đầy mơ mộng.', 'NXB Trẻ', 2018, 60, 55, NULL, '2025-09-20 21:02:32', 'System', '2025-09-20 21:02:32', 'System'),
(6, 'Rừng Na Uy', '978-604-53-3741-0', 'Câu chuyện tình yêu và sự mất mát của tuổi trẻ.', 'NXB Hội Nhà Văn', 2016, 30, 22, NULL, '2025-09-20 21:02:32', 'System', '2025-09-20 21:02:32', 'System'),
(7, 'Dế Mèn Phiêu Lưu Ký', '978-604-2-08878-0', 'Cuộc phiêu lưu kỳ thú của chú Dế Mèn.', 'NXB Kim Đồng', 2019, 80, 70, NULL, '2025-09-20 21:02:32', 'System', '2025-09-20 21:02:32', 'System'),
(8, 'Harry Potter và Hòn Đá Phù Thủy', '978-604-2-08888-9', 'Khởi đầu cuộc hành trình của cậu bé phù thủy.', 'NXB Trẻ', 2017, 75, 65, NULL, '2025-09-20 21:02:32', 'System', '2025-09-20 21:02:32', 'System'),
(9, 'Số Đỏ', '978-604-94-8178-5', 'Phê phán xã hội thành thị Việt Nam trước 1945.', 'NXB Văn Học', 2018, 20, 15, NULL, '2025-09-20 21:02:32', 'System', '2025-09-20 21:02:32', 'System'),
(10, 'Nghĩ Giàu và Làm Giàu', '978-604-58-4981-4', 'Bí quyết thành công từ những người giàu có nhất.', 'NXB Tổng hợp TP.HCM', 2020, 90, 80, NULL, '2025-09-20 21:02:32', 'System', '2025-09-20 21:02:32', 'System'),
(11, 'Bí Mật Của Nước', '978-604-53-7306-7', 'Khám phá sức mạnh và thông điệp của nước.', 'NXB Hồng Đức', 2018, 15, 12, NULL, '2025-09-20 21:02:32', 'System', '2025-09-20 21:02:32', 'System'),
(12, 'Cha Giàu Cha Nghèo', '978-604-1-16518-3', 'Bài học về tài chính cá nhân và đầu tư.', 'NXB Trẻ', 2020, 120, 110, NULL, '2025-09-20 21:02:32', 'System', '2025-09-20 21:02:32', 'System'),
(13, 'Chí Phèo', '978-604-96-3388-7', 'Bi kịch của người nông dân bị tha hóa.', 'NXB Văn Học', 2019, 25, 25, NULL, '2025-09-20 21:02:32', 'System', '2025-09-20 21:02:32', 'System'),
(14, '1984', '978-604-53-7000-4', 'Một xã hội dystopia dưới sự kiểm soát toàn trị.', 'NXB Văn Học', 2017, 35, 30, NULL, '2025-09-20 21:02:32', 'System', '2025-09-20 21:02:32', 'System'),
(15, 'Trăm Năm Cô Đơn', '978-604-96-3390-0', 'Câu chuyện về dòng họ Buendía ở làng Macondo.', 'NXB Văn Học', 2018, 28, 21, NULL, '2025-09-20 21:02:32', 'System', '2025-09-20 21:02:32', 'System'),
(16, 'Mật Mã Da Vinci', '978-604-53-2720-6', 'Cuộc phiêu lưu giải mã những bí ẩn lịch sử.', 'NXB Văn Học', 2015, 40, 33, NULL, '2025-09-20 21:02:32', 'System', '2025-09-20 21:02:32', 'System'),
(17, 'Án Mạng trên Sông Nile', '978-604-2-16789-8', 'Vụ án hóc búa của thám tử Hercule Poirot.', 'NXB Trẻ', 2019, 33, 29, NULL, '2025-09-20 21:02:32', 'System', '2025-09-20 21:02:32', 'System'),
(18, 'Nhật Ký Trong Tù', '978-604-57-2272-8', 'Tuyển tập thơ viết trong thời gian bị giam giữ.', 'NXB Chính trị Quốc gia', 2015, 18, 18, NULL, '2025-09-20 21:02:32', 'System', '2025-09-20 21:02:32', 'System'),
(19, 'Bình Tĩnh Sống', '978-604-88-7576-7', 'Nghệ thuật sống chánh niệm và bình an.', 'NXB Tổng hợp TP.HCM', 2019, 55, 50, NULL, '2025-09-20 21:02:32', 'System', '2025-09-20 21:02:32', 'System'),
(20, 'Sức Mạnh Của Hiện Tại', '978-604-58-9430-2', 'Hướng dẫn sống trọn vẹn trong từng khoảnh khắc.', 'NXB Tổng hợp TP.HCM', 2020, 65, 58, NULL, '2025-09-20 21:02:32', 'System', '2025-09-20 21:02:32', 'System'),
(21, 'Cuốn Sách Khám Phá #21', '979-8-1234-56021', 'Mô tả chi tiết cho cuốn sách khám phá số 21.', 'NXB Kim Đồng', 2012, 11, 12, NULL, '2025-09-20 21:02:32', 'System', '2025-09-20 21:02:32', 'System'),
(22, 'Cuốn Sách Khám Phá #22', '979-8-1234-56022', 'Mô tả chi tiết cho cuốn sách khám phá số 22.', 'Alphabooks', 2006, 41, 14, NULL, '2025-09-20 21:02:32', 'System', '2025-09-20 21:02:32', 'System'),
(23, 'Cuốn Sách Khám Phá #23', '979-8-1234-56023', 'Mô tả chi tiết cho cuốn sách khám phá số 23.', 'NXB Lao Động', 2008, 36, 7, NULL, '2025-09-20 21:02:32', 'System', '2025-09-20 21:02:32', 'System'),
(24, 'Cuốn Sách Khám Phá #24', '979-8-1234-56024', 'Mô tả chi tiết cho cuốn sách khám phá số 24.', 'NXB Trẻ', 2001, 35, 14, NULL, '2025-09-20 21:02:32', 'System', '2025-09-20 21:02:32', 'System'),
(25, 'Cuốn Sách Khám Phá #25', '979-8-1234-56025', 'Mô tả chi tiết cho cuốn sách khám phá số 25.', 'NXB Kim Đồng', 2018, 44, 14, NULL, '2025-09-20 21:02:32', 'System', '2025-09-20 21:02:32', 'System'),
(26, 'Cuốn Sách Khám Phá #26', '979-8-1234-56026', 'Mô tả chi tiết cho cuốn sách khám phá số 26.', 'Alphabooks', 2024, 43, 6, NULL, '2025-09-20 21:02:32', 'System', '2025-09-20 21:02:32', 'System'),
(27, 'Cuốn Sách Khám Phá #27', '979-8-1234-56027', 'Mô tả chi tiết cho cuốn sách khám phá số 27.', 'NXB Lao Động', 2018, 29, 6, NULL, '2025-09-20 21:02:32', 'System', '2025-09-20 21:02:32', 'System'),
(28, 'Cuốn Sách Khám Phá #28', '979-8-1234-56028', 'Mô tả chi tiết cho cuốn sách khám phá số 28.', 'NXB Trẻ', 2017, 16, 11, NULL, '2025-09-20 21:02:32', 'System', '2025-09-20 21:02:32', 'System'),
(29, 'Cuốn Sách Khám Phá #29', '979-8-1234-56029', 'Mô tả chi tiết cho cuốn sách khám phá số 29.', 'NXB Kim Đồng', 2006, 19, 8, NULL, '2025-09-20 21:02:32', 'System', '2025-09-20 21:02:32', 'System'),
(30, 'Cuốn Sách Khám Phá #30', '979-8-1234-56030', 'Mô tả chi tiết cho cuốn sách khám phá số 30.', 'Alphabooks', 2020, 35, 11, NULL, '2025-09-20 21:02:32', 'System', '2025-09-20 21:02:32', 'System'),
(31, 'Cuốn Sách Khám Phá #31', '979-8-1234-56031', 'Mô tả chi tiết cho cuốn sách khám phá số 31.', 'NXB Lao Động', 2019, 44, 12, NULL, '2025-09-20 21:02:32', 'System', '2025-09-20 21:02:32', 'System'),
(32, 'Cuốn Sách Khám Phá #32', '979-8-1234-56032', 'Mô tả chi tiết cho cuốn sách khám phá số 32.', 'NXB Trẻ', 2021, 38, 13, NULL, '2025-09-20 21:02:32', 'System', '2025-09-20 21:02:32', 'System'),
(33, 'Cuốn Sách Khám Phá #33', '979-8-1234-56033', 'Mô tả chi tiết cho cuốn sách khám phá số 33.', 'NXB Kim Đồng', 2019, 50, 11, NULL, '2025-09-20 21:02:32', 'System', '2025-09-20 21:02:32', 'System'),
(34, 'Cuốn Sách Khám Phá #34', '979-8-1234-56034', 'Mô tả chi tiết cho cuốn sách khám phá số 34.', 'Alphabooks', 2015, 46, 10, NULL, '2025-09-20 21:02:32', 'System', '2025-09-20 21:02:32', 'System'),
(35, 'Cuốn Sách Khám Phá #35', '979-8-1234-56035', 'Mô tả chi tiết cho cuốn sách khám phá số 35.', 'NXB Lao Động', 2024, 50, 14, NULL, '2025-09-20 21:02:32', 'System', '2025-09-20 21:02:32', 'System'),
(36, 'Cuốn Sách Khám Phá #36', '979-8-1234-56036', 'Mô tả chi tiết cho cuốn sách khám phá số 36.', 'NXB Trẻ', 2002, 48, 8, NULL, '2025-09-20 21:02:32', 'System', '2025-09-20 21:02:32', 'System'),
(37, 'Cuốn Sách Khám Phá #37', '979-8-1234-56037', 'Mô tả chi tiết cho cuốn sách khám phá số 37.', 'NXB Kim Đồng', 2019, 15, 9, NULL, '2025-09-20 21:02:32', 'System', '2025-09-20 21:02:32', 'System'),
(38, 'Cuốn Sách Khám Phá #38', '979-8-1234-56038', 'Mô tả chi tiết cho cuốn sách khám phá số 38.', 'Alphabooks', 2018, 32, 9, NULL, '2025-09-20 21:02:32', 'System', '2025-09-20 21:02:32', 'System'),
(39, 'Cuốn Sách Khám Phá #39', '979-8-1234-56039', 'Mô tả chi tiết cho cuốn sách khám phá số 39.', 'NXB Lao Động', 2014, 42, 8, NULL, '2025-09-20 21:02:32', 'System', '2025-09-20 21:02:32', 'System'),
(40, 'Cuốn Sách Khám Phá #40', '979-8-1234-56040', 'Mô tả chi tiết cho cuốn sách khám phá số 40.', 'NXB Trẻ', 2008, 36, 6, NULL, '2025-09-20 21:02:32', 'System', '2025-09-20 21:02:32', 'System'),
(41, 'Cuốn Sách Khám Phá #41', '979-8-1234-56041', 'Mô tả chi tiết cho cuốn sách khám phá số 41.', 'NXB Kim Đồng', 2009, 33, 12, NULL, '2025-09-20 21:02:32', 'System', '2025-09-20 21:02:32', 'System'),
(42, 'Cuốn Sách Khám Phá #42', '979-8-1234-56042', 'Mô tả chi tiết cho cuốn sách khám phá số 42.', 'Alphabooks', 2001, 49, 10, NULL, '2025-09-20 21:02:32', 'System', '2025-09-20 21:02:32', 'System'),
(43, 'Cuốn Sách Khám Phá #43', '979-8-1234-56043', 'Mô tả chi tiết cho cuốn sách khám phá số 43.', 'NXB Lao Động', 2008, 10, 14, NULL, '2025-09-20 21:02:32', 'System', '2025-09-20 21:02:32', 'System'),
(44, 'Cuốn Sách Khám Phá #44', '979-8-1234-56044', 'Mô tả chi tiết cho cuốn sách khám phá số 44.', 'NXB Trẻ', 2007, 34, 5, NULL, '2025-09-20 21:02:32', 'System', '2025-09-20 21:02:32', 'System'),
(45, 'Cuốn Sách Khám Phá #45', '979-8-1234-56045', 'Mô tả chi tiết cho cuốn sách khám phá số 45.', 'NXB Kim Đồng', 2022, 18, 8, NULL, '2025-09-20 21:02:32', 'System', '2025-09-20 21:02:32', 'System'),
(46, 'Cuốn Sách Khám Phá #46', '979-8-1234-56046', 'Mô tả chi tiết cho cuốn sách khám phá số 46.', 'Alphabooks', 2009, 26, 13, NULL, '2025-09-20 21:02:32', 'System', '2025-09-20 21:02:32', 'System'),
(47, 'Cuốn Sách Khám Phá #47', '979-8-1234-56047', 'Mô tả chi tiết cho cuốn sách khám phá số 47.', 'NXB Lao Động', 2002, 19, 13, NULL, '2025-09-20 21:02:32', 'System', '2025-09-20 21:02:32', 'System'),
(48, 'Cuốn Sách Khám Phá #48', '979-8-1234-56048', 'Mô tả chi tiết cho cuốn sách khám phá số 48.', 'NXB Trẻ', 2021, 31, 5, NULL, '2025-09-20 21:02:32', 'System', '2025-09-20 21:02:32', 'System'),
(49, 'Cuốn Sách Khám Phá #49', '979-8-1234-56049', 'Mô tả chi tiết cho cuốn sách khám phá số 49.', 'NXB Kim Đồng', 2022, 20, 11, NULL, '2025-09-20 21:02:32', 'System', '2025-09-20 21:02:32', 'System'),
(50, 'Cuốn Sách Khám Phá #50', '979-8-1234-56050', 'Mô tả chi tiết cho cuốn sách khám phá số 50.', 'Alphabooks', 2002, 21, 5, NULL, '2025-09-20 21:02:32', 'System', '2025-09-20 21:02:32', 'System'),
(51, 'Cuốn Sách Khám Phá #51', '979-8-1234-56051', 'Mô tả chi tiết cho cuốn sách khám phá số 51.', 'NXB Lao Động', 2011, 13, 6, NULL, '2025-09-20 21:02:32', 'System', '2025-09-20 21:02:32', 'System'),
(52, 'Cuốn Sách Khám Phá #52', '979-8-1234-56052', 'Mô tả chi tiết cho cuốn sách khám phá số 52.', 'NXB Trẻ', 2001, 45, 6, NULL, '2025-09-20 21:02:32', 'System', '2025-09-20 21:02:32', 'System'),
(53, 'Cuốn Sách Khám Phá #53', '979-8-1234-56053', 'Mô tả chi tiết cho cuốn sách khám phá số 53.', 'NXB Kim Đồng', 2001, 27, 14, NULL, '2025-09-20 21:02:32', 'System', '2025-09-20 21:02:32', 'System'),
(54, 'Cuốn Sách Khám Phá #54', '979-8-1234-56054', 'Mô tả chi tiết cho cuốn sách khám phá số 54.', 'Alphabooks', 2019, 39, 7, NULL, '2025-09-20 21:02:32', 'System', '2025-09-20 21:02:32', 'System'),
(55, 'Cuốn Sách Khám Phá #55', '979-8-1234-56055', 'Mô tả chi tiết cho cuốn sách khám phá số 55.', 'NXB Lao Động', 2008, 19, 6, NULL, '2025-09-20 21:02:32', 'System', '2025-09-20 21:02:32', 'System'),
(56, 'Cuốn Sách Khám Phá #56', '979-8-1234-56056', 'Mô tả chi tiết cho cuốn sách khám phá số 56.', 'NXB Trẻ', 2014, 11, 9, NULL, '2025-09-20 21:02:32', 'System', '2025-09-20 21:02:32', 'System'),
(57, 'Cuốn Sách Khám Phá #57', '979-8-1234-56057', 'Mô tả chi tiết cho cuốn sách khám phá số 57.', 'NXB Kim Đồng', 2012, 49, 9, NULL, '2025-09-20 21:02:32', 'System', '2025-09-20 21:02:32', 'System'),
(58, 'Cuốn Sách Khám Phá #58', '979-8-1234-56058', 'Mô tả chi tiết cho cuốn sách khám phá số 58.', 'Alphabooks', 2019, 20, 14, NULL, '2025-09-20 21:02:32', 'System', '2025-09-20 21:02:32', 'System'),
(59, 'Cuốn Sách Khám Phá #59', '979-8-1234-56059', 'Mô tả chi tiết cho cuốn sách khám phá số 59.', 'NXB Lao Động', 2020, 19, 12, NULL, '2025-09-20 21:02:32', 'System', '2025-09-20 21:02:32', 'System'),
(60, 'Cuốn Sách Khám Phá #60', '979-8-1234-56060', 'Mô tả chi tiết cho cuốn sách khám phá số 60.', 'NXB Trẻ', 2014, 47, 12, NULL, '2025-09-20 21:02:32', 'System', '2025-09-20 21:02:32', 'System'),
(61, 'Cuốn Sách Khám Phá #61', '979-8-1234-56061', 'Mô tả chi tiết cho cuốn sách khám phá số 61.', 'NXB Kim Đồng', 2016, 29, 8, NULL, '2025-09-20 21:02:32', 'System', '2025-09-20 21:02:32', 'System'),
(62, 'Cuốn Sách Khám Phá #62', '979-8-1234-56062', 'Mô tả chi tiết cho cuốn sách khám phá số 62.', 'Alphabooks', 2021, 38, 13, NULL, '2025-09-20 21:02:32', 'System', '2025-09-20 21:02:32', 'System'),
(63, 'Cuốn Sách Khám Phá #63', '979-8-1234-56063', 'Mô tả chi tiết cho cuốn sách khám phá số 63.', 'NXB Lao Động', 2021, 11, 11, NULL, '2025-09-20 21:02:32', 'System', '2025-09-20 21:02:32', 'System'),
(64, 'Cuốn Sách Khám Phá #64', '979-8-1234-56064', 'Mô tả chi tiết cho cuốn sách khám phá số 64.', 'NXB Trẻ', 2017, 49, 12, NULL, '2025-09-20 21:02:32', 'System', '2025-09-20 21:02:32', 'System'),
(65, 'Cuốn Sách Khám Phá #65', '979-8-1234-56065', 'Mô tả chi tiết cho cuốn sách khám phá số 65.', 'NXB Kim Đồng', 2008, 38, 9, NULL, '2025-09-20 21:02:32', 'System', '2025-09-20 21:02:32', 'System'),
(66, 'Cuốn Sách Khám Phá #66', '979-8-1234-56066', 'Mô tả chi tiết cho cuốn sách khám phá số 66.', 'Alphabooks', 2022, 29, 10, NULL, '2025-09-20 21:02:32', 'System', '2025-09-20 21:02:32', 'System'),
(67, 'Cuốn Sách Khám Phá #67', '979-8-1234-56067', 'Mô tả chi tiết cho cuốn sách khám phá số 67.', 'NXB Lao Động', 2024, 32, 13, NULL, '2025-09-20 21:02:32', 'System', '2025-09-20 21:02:32', 'System'),
(68, 'Cuốn Sách Khám Phá #68', '979-8-1234-56068', 'Mô tả chi tiết cho cuốn sách khám phá số 68.', 'NXB Trẻ', 2021, 46, 13, NULL, '2025-09-20 21:02:32', 'System', '2025-09-20 21:02:32', 'System'),
(69, 'Cuốn Sách Khám Phá #69', '979-8-1234-56069', 'Mô tả chi tiết cho cuốn sách khám phá số 69.', 'NXB Kim Đồng', 2009, 40, 11, NULL, '2025-09-20 21:02:32', 'System', '2025-09-20 21:02:32', 'System'),
(70, 'Cuốn Sách Khám Phá #70', '979-8-1234-56070', 'Mô tả chi tiết cho cuốn sách khám phá số 70.', 'Alphabooks', 2010, 39, 8, NULL, '2025-09-20 21:02:32', 'System', '2025-09-20 21:02:32', 'System'),
(71, 'Cuốn Sách Khám Phá #71', '979-8-1234-56071', 'Mô tả chi tiết cho cuốn sách khám phá số 71.', 'NXB Lao Động', 2019, 47, 7, NULL, '2025-09-20 21:02:32', 'System', '2025-09-20 21:02:32', 'System'),
(72, 'Cuốn Sách Khám Phá #72', '979-8-1234-56072', 'Mô tả chi tiết cho cuốn sách khám phá số 72.', 'NXB Trẻ', 2024, 27, 7, NULL, '2025-09-20 21:02:32', 'System', '2025-09-20 21:02:32', 'System'),
(73, 'Cuốn Sách Khám Phá #73', '979-8-1234-56073', 'Mô tả chi tiết cho cuốn sách khám phá số 73.', 'NXB Kim Đồng', 2018, 45, 5, NULL, '2025-09-20 21:02:32', 'System', '2025-09-20 21:02:32', 'System'),
(74, 'Cuốn Sách Khám Phá #74', '979-8-1234-56074', 'Mô tả chi tiết cho cuốn sách khám phá số 74.', 'Alphabooks', 2013, 29, 13, NULL, '2025-09-20 21:02:32', 'System', '2025-09-20 21:02:32', 'System'),
(75, 'Cuốn Sách Khám Phá #75', '979-8-1234-56075', 'Mô tả chi tiết cho cuốn sách khám phá số 75.', 'NXB Lao Động', 2022, 26, 8, NULL, '2025-09-20 21:02:32', 'System', '2025-09-20 21:02:32', 'System'),
(76, 'Cuốn Sách Khám Phá #76', '979-8-1234-56076', 'Mô tả chi tiết cho cuốn sách khám phá số 76.', 'NXB Trẻ', 2011, 13, 5, NULL, '2025-09-20 21:02:32', 'System', '2025-09-20 21:02:32', 'System'),
(77, 'Cuốn Sách Khám Phá #77', '979-8-1234-56077', 'Mô tả chi tiết cho cuốn sách khám phá số 77.', 'NXB Kim Đồng', 2013, 21, 12, NULL, '2025-09-20 21:02:32', 'System', '2025-09-20 21:02:32', 'System'),
(78, 'Cuốn Sách Khám Phá #78', '979-8-1234-56078', 'Mô tả chi tiết cho cuốn sách khám phá số 78.', 'Alphabooks', 2020, 11, 12, NULL, '2025-09-20 21:02:32', 'System', '2025-09-20 21:02:32', 'System'),
(79, 'Cuốn Sách Khám Phá #79', '979-8-1234-56079', 'Mô tả chi tiết cho cuốn sách khám phá số 79.', 'NXB Lao Động', 2014, 49, 5, NULL, '2025-09-20 21:02:32', 'System', '2025-09-20 21:02:32', 'System'),
(80, 'Cuốn Sách Khám Phá #80', '979-8-1234-56080', 'Mô tả chi tiết cho cuốn sách khám phá số 80.', 'NXB Trẻ', 2010, 48, 9, NULL, '2025-09-20 21:02:32', 'System', '2025-09-20 21:02:32', 'System'),
(81, 'Cuốn Sách Khám Phá #81', '979-8-1234-56081', 'Mô tả chi tiết cho cuốn sách khám phá số 81.', 'NXB Kim Đồng', 2009, 11, 14, NULL, '2025-09-20 21:02:32', 'System', '2025-09-20 21:02:32', 'System'),
(82, 'Cuốn Sách Khám Phá #82', '979-8-1234-56082', 'Mô tả chi tiết cho cuốn sách khám phá số 82.', 'Alphabooks', 2010, 11, 13, NULL, '2025-09-20 21:02:32', 'System', '2025-09-20 21:02:32', 'System'),
(83, 'Cuốn Sách Khám Phá #83', '979-8-1234-56083', 'Mô tả chi tiết cho cuốn sách khám phá số 83.', 'NXB Lao Động', 2024, 14, 11, NULL, '2025-09-20 21:02:32', 'System', '2025-09-20 21:02:32', 'System'),
(84, 'Cuốn Sách Khám Phá #84', '979-8-1234-56084', 'Mô tả chi tiết cho cuốn sách khám phá số 84.', 'NXB Trẻ', 2017, 19, 5, NULL, '2025-09-20 21:02:32', 'System', '2025-09-20 21:02:32', 'System'),
(85, 'Cuốn Sách Khám Phá #85', '979-8-1234-56085', 'Mô tả chi tiết cho cuốn sách khám phá số 85.', 'NXB Kim Đồng', 2001, 22, 8, NULL, '2025-09-20 21:02:32', 'System', '2025-09-20 21:02:32', 'System'),
(86, 'Cuốn Sách Khám Phá #86', '979-8-1234-56086', 'Mô tả chi tiết cho cuốn sách khám phá số 86.', 'Alphabooks', 2016, 10, 6, NULL, '2025-09-20 21:02:32', 'System', '2025-09-20 21:02:32', 'System'),
(87, 'Cuốn Sách Khám Phá #87', '979-8-1234-56087', 'Mô tả chi tiết cho cuốn sách khám phá số 87.', 'NXB Lao Động', 2002, 49, 9, NULL, '2025-09-20 21:02:32', 'System', '2025-09-20 21:02:32', 'System'),
(88, 'Cuốn Sách Khám Phá #88', '979-8-1234-56088', 'Mô tả chi tiết cho cuốn sách khám phá số 88.', 'NXB Trẻ', 2019, 12, 5, NULL, '2025-09-20 21:02:32', 'System', '2025-09-20 21:02:32', 'System'),
(89, 'Cuốn Sách Khám Phá #89', '979-8-1234-56089', 'Mô tả chi tiết cho cuốn sách khám phá số 89.', 'NXB Kim Đồng', 2015, 41, 14, NULL, '2025-09-20 21:02:32', 'System', '2025-09-20 21:02:32', 'System'),
(90, 'Cuốn Sách Khám Phá #90', '979-8-1234-56090', 'Mô tả chi tiết cho cuốn sách khám phá số 90.', 'Alphabooks', 2019, 26, 12, NULL, '2025-09-20 21:02:32', 'System', '2025-09-20 21:02:32', 'System'),
(91, 'Cuốn Sách Khám Phá #91', '979-8-1234-56091', 'Mô tả chi tiết cho cuốn sách khám phá số 91.', 'NXB Lao Động', 2003, 34, 11, NULL, '2025-09-20 21:02:32', 'System', '2025-09-20 21:02:32', 'System'),
(92, 'Cuốn Sách Khám Phá #92', '979-8-1234-56092', 'Mô tả chi tiết cho cuốn sách khám phá số 92.', 'NXB Trẻ', 2018, 26, 12, NULL, '2025-09-20 21:02:32', 'System', '2025-09-20 21:02:32', 'System'),
(93, 'Cuốn Sách Khám Phá #93', '979-8-1234-56093', 'Mô tả chi tiết cho cuốn sách khám phá số 93.', 'NXB Kim Đồng', 2017, 29, 7, NULL, '2025-09-20 21:02:32', 'System', '2025-09-20 21:02:32', 'System'),
(94, 'Cuốn Sách Khám Phá #94', '979-8-1234-56094', 'Mô tả chi tiết cho cuốn sách khám phá số 94.', 'Alphabooks', 2010, 21, 6, NULL, '2025-09-20 21:02:32', 'System', '2025-09-20 21:02:32', 'System'),
(95, 'Cuốn Sách Khám Phá #95', '979-8-1234-56095', 'Mô tả chi tiết cho cuốn sách khám phá số 95.', 'NXB Lao Động', 2024, 50, 5, NULL, '2025-09-20 21:02:32', 'System', '2025-09-20 21:02:32', 'System'),
(96, 'Cuốn Sách Khám Phá #96', '979-8-1234-56096', 'Mô tả chi tiết cho cuốn sách khám phá số 96.', 'NXB Trẻ', 2010, 15, 9, NULL, '2025-09-20 21:02:32', 'System', '2025-09-20 21:02:32', 'System'),
(97, 'Cuốn Sách Khám Phá #97', '979-8-1234-56097', 'Mô tả chi tiết cho cuốn sách khám phá số 97.', 'NXB Kim Đồng', 2009, 26, 13, NULL, '2025-09-20 21:02:32', 'System', '2025-09-20 21:02:32', 'System'),
(98, 'Cuốn Sách Khám Phá #98', '979-8-1234-56098', 'Mô tả chi tiết cho cuốn sách khám phá số 98.', 'Alphabooks', 2003, 26, 11, NULL, '2025-09-20 21:02:32', 'System', '2025-09-20 21:02:32', 'System'),
(99, 'Cuốn Sách Khám Phá #99', '979-8-1234-56099', 'Mô tả chi tiết cho cuốn sách khám phá số 99.', 'NXB Lao Động', 2020, 17, 9, NULL, '2025-09-20 21:02:32', 'System', '2025-09-20 21:02:32', 'System'),
(100, 'Cuốn Sách Khám Phá #100', '979-8-1234-56100', 'Mô tả chi tiết cho cuốn sách khám phá số 100.', 'NXB Trẻ', 2006, 14, 13, NULL, '2025-09-20 21:02:32', 'System', '2025-09-20 21:02:32', 'System'),
(110, 'Test', '568-604-58-3810-8', 'Một cuốn sách kinh điển về hành trình tâm linh.', 'NXB Tổng hợp TP.HCM', 2018, 25, 20, NULL, '2025-09-21 10:54:34', NULL, '2025-09-21 10:54:34', NULL);

-- 
-- Dumping data for table author
--
INSERT INTO author VALUES
(1, 'Nguyễn Nhật Ánh', '2025-09-20 21:02:32', 'System', '2025-09-20 21:02:32', 'System'),
(2, 'Tô Hoài', '2025-09-20 21:02:32', 'System', '2025-09-20 21:02:32', 'System'),
(3, 'Vũ Trọng Phụng', '2025-09-20 21:02:32', 'System', '2025-09-20 21:02:32', 'System'),
(4, 'Nam Cao', '2025-09-20 21:02:32', 'System', '2025-09-20 21:02:32', 'System'),
(5, 'Haruki Murakami', '2025-09-20 21:02:32', 'System', '2025-09-20 21:02:32', 'System'),
(6, 'J.K. Rowling', '2025-09-20 21:02:32', 'System', '2025-09-20 21:02:32', 'System'),
(7, 'George Orwell', '2025-09-20 21:02:32', 'System', '2025-09-20 21:02:32', 'System'),
(8, 'Dale Carnegie', '2025-09-20 21:02:32', 'System', '2025-09-20 21:02:32', 'System'),
(9, 'Yuval Noah Harari', '2025-09-20 21:02:32', 'System', '2025-09-20 21:02:32', 'System'),
(10, 'Napoleon Hill', '2025-09-20 21:02:32', 'System', '2025-09-20 21:02:32', 'System'),
(11, 'Robert Kiyosaki', '2025-09-20 21:02:32', 'System', '2025-09-20 21:02:32', 'System'),
(12, 'Stephen Covey', '2025-09-20 21:02:32', 'System', '2025-09-20 21:02:32', 'System'),
(13, 'Paulo Coelho', '2025-09-20 21:02:32', 'System', '2025-09-20 21:02:32', 'System'),
(14, 'Dan Brown', '2025-09-20 21:02:32', 'System', '2025-09-20 21:02:32', 'System'),
(15, 'Agatha Christie', '2025-09-20 21:02:32', 'System', '2025-09-20 21:02:32', 'System'),
(16, 'Trịnh Công Sơn', '2025-09-20 21:02:32', 'System', '2025-09-20 21:02:32', 'System'),
(17, 'Nguyễn Du', '2025-09-20 21:02:32', 'System', '2025-09-20 21:02:32', 'System'),
(18, 'Hồ Chí Minh', '2025-09-20 21:02:32', 'System', '2025-09-20 21:02:32', 'System'),
(19, 'Thích Nhất Hạnh', '2025-09-20 21:02:32', 'System', '2025-09-20 21:02:32', 'System'),
(20, 'Osho', '2025-09-20 21:02:32', 'System', '2025-09-20 21:02:32', 'System');

-- 
-- Dumping data for table user_role
--
INSERT INTO user_role VALUES
('32796857-466f-4efd-a217-a1d8c0070ade', '782157d7-74a8-46c5-a00d-f1190209c547', '471e8ce3-4977-441d-819f-14b0f700e1fe', '2025-09-21 00:00:00', NULL, NULL, NULL),
('e30cbda1-dcb9-485e-8dcb-93e27e3a2ac0', '8908cf9d-f437-494b-a379-60f9abb73e65', '3d262a90-87cd-11ee-8b32-0250832bcf68', '2025-09-21 11:06:09', NULL, '2025-09-21 11:06:09', NULL);

-- 
-- Dumping data for table role
--
INSERT INTO role VALUES
('3d262a90-87cd-11ee-8b32-0250832bcf68', 'Người dùng', NULL, NULL, NULL, NULL, NULL, 'USER'),
('471e8ce3-4977-441d-819f-14b0f700e1fe', 'Quản trị hệ thống', NULL, NULL, NULL, NULL, NULL, 'ADMIN');

-- 
-- Dumping data for table borrowing_record
--
INSERT INTO borrowing_record VALUES
(1, '782157d7-74a8-46c5-a00d-f1190209c547', 1, '2025-09-21 05:57:19', 2, '2025-10-05 05:57:19', '2025-09-21 06:49:15', 3, '2025-09-21 05:57:19', NULL, '2025-09-21 13:49:17', NULL);

-- 
-- Dumping data for table book_category
--
INSERT INTO book_category VALUES
(NULL, 110, 4, '2025-09-21 10:54:37', NULL, '2025-09-21 10:54:37', NULL),
(NULL, 110, 10, '2025-09-21 10:54:39', NULL, '2025-09-21 10:54:39', NULL),
(NULL, 1, 10, '2025-09-21 11:07:38', NULL, '2025-09-21 11:07:38', NULL),
(NULL, 1, 4, '2025-09-21 11:07:38', NULL, '2025-09-21 11:07:38', NULL),
(NULL, 2, 2, '2025-09-21 11:07:38', NULL, '2025-09-21 11:07:38', NULL),
(NULL, 2, 10, '2025-09-21 11:07:38', NULL, '2025-09-21 11:07:38', NULL),
(NULL, 3, 4, '2025-09-21 11:07:38', NULL, '2025-09-21 11:07:38', NULL),
(NULL, 4, 5, '2025-09-21 11:07:38', NULL, '2025-09-21 11:07:38', NULL),
(NULL, 4, 9, '2025-09-21 11:07:38', NULL, '2025-09-21 11:07:38', NULL),
(NULL, 5, 1, '2025-09-21 11:07:38', NULL, '2025-09-21 11:07:38', NULL),
(NULL, 5, 8, '2025-09-21 11:07:38', NULL, '2025-09-21 11:07:38', NULL),
(NULL, 6, 2, '2025-09-21 11:07:38', NULL, '2025-09-21 11:07:38', NULL),
(NULL, 7, 1, '2025-09-21 11:07:38', NULL, '2025-09-21 11:07:38', NULL),
(NULL, 7, 8, '2025-09-21 11:07:38', NULL, '2025-09-21 11:07:38', NULL),
(NULL, 8, 2, '2025-09-21 11:07:38', NULL, '2025-09-21 11:07:38', NULL),
(NULL, 8, 6, '2025-09-21 11:07:38', NULL, '2025-09-21 11:07:38', NULL),
(NULL, 9, 1, '2025-09-21 11:07:38', NULL, '2025-09-21 11:07:38', NULL),
(NULL, 10, 3, '2025-09-21 11:07:38', NULL, '2025-09-21 11:07:38', NULL),
(NULL, 10, 4, '2025-09-21 11:07:38', NULL, '2025-09-21 11:07:38', NULL),
(NULL, 11, 9, '2025-09-21 11:07:38', NULL, '2025-09-21 11:07:38', NULL),
(NULL, 11, 10, '2025-09-21 11:07:38', NULL, '2025-09-21 11:07:38', NULL),
(NULL, 12, 3, '2025-09-21 11:07:38', NULL, '2025-09-21 11:07:38', NULL),
(NULL, 13, 1, '2025-09-21 11:07:38', NULL, '2025-09-21 11:07:38', NULL),
(NULL, 14, 2, '2025-09-21 11:07:38', NULL, '2025-09-21 11:07:38', NULL),
(NULL, 14, 6, '2025-09-21 11:07:38', NULL, '2025-09-21 11:07:38', NULL),
(NULL, 15, 2, '2025-09-21 11:07:38', NULL, '2025-09-21 11:07:38', NULL),
(NULL, 16, 2, '2025-09-21 11:07:38', NULL, '2025-09-21 11:07:38', NULL),
(NULL, 16, 7, '2025-09-21 11:07:38', NULL, '2025-09-21 11:07:38', NULL),
(NULL, 17, 2, '2025-09-21 11:07:38', NULL, '2025-09-21 11:07:38', NULL),
(NULL, 17, 7, '2025-09-21 11:07:38', NULL, '2025-09-21 11:07:38', NULL),
(NULL, 18, 1, '2025-09-21 11:07:38', NULL, '2025-09-21 11:07:38', NULL),
(NULL, 18, 5, '2025-09-21 11:07:38', NULL, '2025-09-21 11:07:38', NULL),
(NULL, 19, 4, '2025-09-21 11:07:38', NULL, '2025-09-21 11:07:38', NULL),
(NULL, 19, 9, '2025-09-21 11:07:38', NULL, '2025-09-21 11:07:38', NULL),
(NULL, 20, 4, '2025-09-21 11:07:38', NULL, '2025-09-21 11:07:38', NULL),
(NULL, 20, 10, '2025-09-21 11:07:38', NULL, '2025-09-21 11:07:38', NULL),
(NULL, 21, 10, '2025-09-21 11:07:38', NULL, '2025-09-21 11:07:38', NULL),
(NULL, 22, 2, '2025-09-21 11:07:38', NULL, '2025-09-21 11:07:38', NULL),
(NULL, 23, 1, '2025-09-21 11:07:38', NULL, '2025-09-21 11:07:38', NULL),
(NULL, 24, 6, '2025-09-21 11:07:38', NULL, '2025-09-21 11:07:38', NULL),
(NULL, 25, 7, '2025-09-21 11:07:38', NULL, '2025-09-21 11:07:38', NULL),
(NULL, 26, 5, '2025-09-21 11:07:38', NULL, '2025-09-21 11:07:38', NULL),
(NULL, 27, 3, '2025-09-21 11:07:38', NULL, '2025-09-21 11:07:38', NULL),
(NULL, 28, 2, '2025-09-21 11:07:38', NULL, '2025-09-21 11:07:38', NULL),
(NULL, 29, 1, '2025-09-21 11:07:38', NULL, '2025-09-21 11:07:38', NULL),
(NULL, 30, 7, '2025-09-21 11:07:38', NULL, '2025-09-21 11:07:38', NULL),
(NULL, 31, 1, '2025-09-21 11:07:38', NULL, '2025-09-21 11:07:38', NULL),
(NULL, 32, 6, '2025-09-21 11:07:38', NULL, '2025-09-21 11:07:38', NULL),
(NULL, 33, 4, '2025-09-21 11:07:38', NULL, '2025-09-21 11:07:38', NULL),
(NULL, 34, 1, '2025-09-21 11:07:38', NULL, '2025-09-21 11:07:38', NULL),
(NULL, 35, 2, '2025-09-21 11:07:38', NULL, '2025-09-21 11:07:38', NULL),
(NULL, 36, 8, '2025-09-21 11:07:38', NULL, '2025-09-21 11:07:38', NULL),
(NULL, 37, 4, '2025-09-21 11:07:38', NULL, '2025-09-21 11:07:38', NULL),
(NULL, 38, 5, '2025-09-21 11:07:38', NULL, '2025-09-21 11:07:38', NULL),
(NULL, 39, 4, '2025-09-21 11:07:38', NULL, '2025-09-21 11:07:38', NULL),
(NULL, 40, 5, '2025-09-21 11:07:38', NULL, '2025-09-21 11:07:38', NULL),
(NULL, 41, 10, '2025-09-21 11:07:38', NULL, '2025-09-21 11:07:38', NULL),
(NULL, 42, 4, '2025-09-21 11:07:38', NULL, '2025-09-21 11:07:38', NULL),
(NULL, 43, 10, '2025-09-21 11:07:38', NULL, '2025-09-21 11:07:38', NULL),
(NULL, 44, 9, '2025-09-21 11:07:38', NULL, '2025-09-21 11:07:38', NULL),
(NULL, 45, 2, '2025-09-21 11:07:38', NULL, '2025-09-21 11:07:38', NULL),
(NULL, 46, 2, '2025-09-21 11:07:38', NULL, '2025-09-21 11:07:38', NULL),
(NULL, 47, 6, '2025-09-21 11:07:38', NULL, '2025-09-21 11:07:38', NULL),
(NULL, 48, 2, '2025-09-21 11:07:38', NULL, '2025-09-21 11:07:38', NULL),
(NULL, 49, 3, '2025-09-21 11:07:38', NULL, '2025-09-21 11:07:38', NULL),
(NULL, 50, 8, '2025-09-21 11:07:38', NULL, '2025-09-21 11:07:38', NULL),
(NULL, 51, 2, '2025-09-21 11:07:38', NULL, '2025-09-21 11:07:38', NULL),
(NULL, 52, 4, '2025-09-21 11:07:38', NULL, '2025-09-21 11:07:38', NULL),
(NULL, 53, 5, '2025-09-21 11:07:38', NULL, '2025-09-21 11:07:38', NULL),
(NULL, 54, 3, '2025-09-21 11:07:38', NULL, '2025-09-21 11:07:38', NULL),
(NULL, 55, 7, '2025-09-21 11:07:38', NULL, '2025-09-21 11:07:38', NULL),
(NULL, 56, 6, '2025-09-21 11:07:38', NULL, '2025-09-21 11:07:38', NULL),
(NULL, 57, 10, '2025-09-21 11:07:38', NULL, '2025-09-21 11:07:38', NULL),
(NULL, 58, 2, '2025-09-21 11:07:38', NULL, '2025-09-21 11:07:38', NULL),
(NULL, 59, 10, '2025-09-21 11:07:38', NULL, '2025-09-21 11:07:38', NULL),
(NULL, 60, 3, '2025-09-21 11:07:38', NULL, '2025-09-21 11:07:38', NULL),
(NULL, 61, 3, '2025-09-21 11:07:38', NULL, '2025-09-21 11:07:38', NULL),
(NULL, 62, 7, '2025-09-21 11:07:38', NULL, '2025-09-21 11:07:38', NULL),
(NULL, 63, 4, '2025-09-21 11:07:38', NULL, '2025-09-21 11:07:38', NULL),
(NULL, 64, 8, '2025-09-21 11:07:38', NULL, '2025-09-21 11:07:38', NULL),
(NULL, 65, 7, '2025-09-21 11:07:38', NULL, '2025-09-21 11:07:38', NULL),
(NULL, 66, 10, '2025-09-21 11:07:38', NULL, '2025-09-21 11:07:38', NULL),
(NULL, 67, 10, '2025-09-21 11:07:38', NULL, '2025-09-21 11:07:38', NULL),
(NULL, 68, 8, '2025-09-21 11:07:38', NULL, '2025-09-21 11:07:38', NULL),
(NULL, 69, 8, '2025-09-21 11:07:38', NULL, '2025-09-21 11:07:38', NULL),
(NULL, 70, 9, '2025-09-21 11:07:38', NULL, '2025-09-21 11:07:38', NULL),
(NULL, 71, 7, '2025-09-21 11:07:38', NULL, '2025-09-21 11:07:38', NULL),
(NULL, 72, 9, '2025-09-21 11:07:38', NULL, '2025-09-21 11:07:38', NULL),
(NULL, 73, 5, '2025-09-21 11:07:38', NULL, '2025-09-21 11:07:38', NULL),
(NULL, 74, 8, '2025-09-21 11:07:38', NULL, '2025-09-21 11:07:38', NULL),
(NULL, 75, 2, '2025-09-21 11:07:38', NULL, '2025-09-21 11:07:38', NULL),
(NULL, 76, 6, '2025-09-21 11:07:38', NULL, '2025-09-21 11:07:38', NULL),
(NULL, 77, 3, '2025-09-21 11:07:38', NULL, '2025-09-21 11:07:38', NULL),
(NULL, 78, 5, '2025-09-21 11:07:38', NULL, '2025-09-21 11:07:38', NULL),
(NULL, 79, 8, '2025-09-21 11:07:38', NULL, '2025-09-21 11:07:38', NULL),
(NULL, 80, 3, '2025-09-21 11:07:38', NULL, '2025-09-21 11:07:38', NULL),
(NULL, 81, 9, '2025-09-21 11:07:38', NULL, '2025-09-21 11:07:38', NULL),
(NULL, 82, 9, '2025-09-21 11:07:38', NULL, '2025-09-21 11:07:38', NULL),
(NULL, 83, 5, '2025-09-21 11:07:38', NULL, '2025-09-21 11:07:38', NULL),
(NULL, 84, 7, '2025-09-21 11:07:38', NULL, '2025-09-21 11:07:38', NULL),
(NULL, 85, 9, '2025-09-21 11:07:38', NULL, '2025-09-21 11:07:38', NULL),
(NULL, 86, 3, '2025-09-21 11:07:38', NULL, '2025-09-21 11:07:38', NULL),
(NULL, 87, 8, '2025-09-21 11:07:38', NULL, '2025-09-21 11:07:38', NULL),
(NULL, 88, 9, '2025-09-21 11:07:38', NULL, '2025-09-21 11:07:38', NULL),
(NULL, 89, 1, '2025-09-21 11:07:38', NULL, '2025-09-21 11:07:38', NULL),
(NULL, 90, 9, '2025-09-21 11:07:38', NULL, '2025-09-21 11:07:38', NULL),
(NULL, 91, 10, '2025-09-21 11:07:38', NULL, '2025-09-21 11:07:38', NULL),
(NULL, 92, 3, '2025-09-21 11:07:38', NULL, '2025-09-21 11:07:38', NULL),
(NULL, 93, 5, '2025-09-21 11:07:38', NULL, '2025-09-21 11:07:38', NULL),
(NULL, 94, 7, '2025-09-21 11:07:38', NULL, '2025-09-21 11:07:38', NULL),
(NULL, 95, 9, '2025-09-21 11:07:38', NULL, '2025-09-21 11:07:38', NULL),
(NULL, 96, 2, '2025-09-21 11:07:38', NULL, '2025-09-21 11:07:38', NULL),
(NULL, 97, 3, '2025-09-21 11:07:38', NULL, '2025-09-21 11:07:38', NULL),
(NULL, 98, 9, '2025-09-21 11:07:38', NULL, '2025-09-21 11:07:38', NULL),
(NULL, 99, 5, '2025-09-21 11:07:38', NULL, '2025-09-21 11:07:38', NULL),
(NULL, 100, 7, '2025-09-21 11:07:38', NULL, '2025-09-21 11:07:38', NULL),
(NULL, 110, 1, '2025-09-21 11:07:38', NULL, '2025-09-21 11:07:38', NULL),
(NULL, 61, 2, '2025-09-21 11:07:38', NULL, '2025-09-21 11:07:38', NULL),
(NULL, 62, 9, '2025-09-21 11:07:38', NULL, '2025-09-21 11:07:38', NULL),
(NULL, 63, 7, '2025-09-21 11:07:38', NULL, '2025-09-21 11:07:38', NULL),
(NULL, 64, 7, '2025-09-21 11:07:38', NULL, '2025-09-21 11:07:38', NULL),
(NULL, 65, 2, '2025-09-21 11:07:38', NULL, '2025-09-21 11:07:38', NULL),
(NULL, 66, 1, '2025-09-21 11:07:38', NULL, '2025-09-21 11:07:38', NULL),
(NULL, 67, 8, '2025-09-21 11:07:38', NULL, '2025-09-21 11:07:38', NULL),
(NULL, 68, 8, '2025-09-21 11:07:38', NULL, '2025-09-21 11:07:38', NULL),
(NULL, 69, 3, '2025-09-21 11:07:38', NULL, '2025-09-21 11:07:38', NULL),
(NULL, 70, 2, '2025-09-21 11:07:38', NULL, '2025-09-21 11:07:38', NULL),
(NULL, 71, 1, '2025-09-21 11:07:38', NULL, '2025-09-21 11:07:38', NULL),
(NULL, 72, 9, '2025-09-21 11:07:38', NULL, '2025-09-21 11:07:38', NULL),
(NULL, 73, 2, '2025-09-21 11:07:38', NULL, '2025-09-21 11:07:38', NULL),
(NULL, 74, 10, '2025-09-21 11:07:38', NULL, '2025-09-21 11:07:38', NULL),
(NULL, 75, 3, '2025-09-21 11:07:38', NULL, '2025-09-21 11:07:38', NULL),
(NULL, 76, 5, '2025-09-21 11:07:38', NULL, '2025-09-21 11:07:38', NULL),
(NULL, 77, 5, '2025-09-21 11:07:38', NULL, '2025-09-21 11:07:38', NULL),
(NULL, 78, 2, '2025-09-21 11:07:38', NULL, '2025-09-21 11:07:38', NULL),
(NULL, 79, 2, '2025-09-21 11:07:38', NULL, '2025-09-21 11:07:38', NULL),
(NULL, 80, 3, '2025-09-21 11:07:38', NULL, '2025-09-21 11:07:38', NULL),
(NULL, 81, 10, '2025-09-21 11:07:38', NULL, '2025-09-21 11:07:38', NULL),
(NULL, 82, 8, '2025-09-21 11:07:38', NULL, '2025-09-21 11:07:38', NULL),
(NULL, 83, 1, '2025-09-21 11:07:38', NULL, '2025-09-21 11:07:38', NULL),
(NULL, 84, 10, '2025-09-21 11:07:38', NULL, '2025-09-21 11:07:38', NULL),
(NULL, 85, 7, '2025-09-21 11:07:38', NULL, '2025-09-21 11:07:38', NULL),
(NULL, 86, 6, '2025-09-21 11:07:38', NULL, '2025-09-21 11:07:38', NULL),
(NULL, 87, 6, '2025-09-21 11:07:38', NULL, '2025-09-21 11:07:38', NULL),
(NULL, 88, 4, '2025-09-21 11:07:38', NULL, '2025-09-21 11:07:38', NULL),
(NULL, 89, 10, '2025-09-21 11:07:38', NULL, '2025-09-21 11:07:38', NULL),
(NULL, 90, 8, '2025-09-21 11:07:38', NULL, '2025-09-21 11:07:38', NULL),
(NULL, 91, 10, '2025-09-21 11:07:38', NULL, '2025-09-21 11:07:38', NULL),
(NULL, 92, 4, '2025-09-21 11:07:38', NULL, '2025-09-21 11:07:38', NULL),
(NULL, 93, 1, '2025-09-21 11:07:38', NULL, '2025-09-21 11:07:38', NULL),
(NULL, 94, 2, '2025-09-21 11:07:38', NULL, '2025-09-21 11:07:38', NULL),
(NULL, 95, 6, '2025-09-21 11:07:38', NULL, '2025-09-21 11:07:38', NULL),
(NULL, 96, 3, '2025-09-21 11:07:38', NULL, '2025-09-21 11:07:38', NULL),
(NULL, 97, 5, '2025-09-21 11:07:38', NULL, '2025-09-21 11:07:38', NULL),
(NULL, 98, 8, '2025-09-21 11:07:38', NULL, '2025-09-21 11:07:38', NULL),
(NULL, 99, 5, '2025-09-21 11:07:38', NULL, '2025-09-21 11:07:38', NULL),
(NULL, 100, 10, '2025-09-21 11:07:38', NULL, '2025-09-21 11:07:38', NULL);

-- 
-- Dumping data for table book_author
--
INSERT INTO book_author VALUES
(7, 110, 19, '2025-09-21 10:54:35', NULL, '2025-09-21 10:54:35', NULL),
(8, 1, 19, '2025-09-21 11:07:38', NULL, '2025-09-21 11:07:38', NULL),
(9, 2, 13, '2025-09-21 11:07:38', NULL, '2025-09-21 11:07:38', NULL),
(10, 3, 8, '2025-09-21 11:07:38', NULL, '2025-09-21 11:07:38', NULL),
(11, 4, 9, '2025-09-21 11:07:38', NULL, '2025-09-21 11:07:38', NULL),
(12, 5, 1, '2025-09-21 11:07:38', NULL, '2025-09-21 11:07:38', NULL),
(13, 6, 5, '2025-09-21 11:07:38', NULL, '2025-09-21 11:07:38', NULL),
(14, 7, 2, '2025-09-21 11:07:38', NULL, '2025-09-21 11:07:38', NULL),
(15, 8, 6, '2025-09-21 11:07:38', NULL, '2025-09-21 11:07:38', NULL),
(16, 9, 3, '2025-09-21 11:07:38', NULL, '2025-09-21 11:07:38', NULL),
(17, 10, 10, '2025-09-21 11:07:38', NULL, '2025-09-21 11:07:38', NULL),
(18, 11, 20, '2025-09-21 11:07:38', NULL, '2025-09-21 11:07:38', NULL),
(19, 12, 11, '2025-09-21 11:07:38', NULL, '2025-09-21 11:07:38', NULL),
(20, 13, 4, '2025-09-21 11:07:38', NULL, '2025-09-21 11:07:38', NULL),
(21, 14, 7, '2025-09-21 11:07:38', NULL, '2025-09-21 11:07:38', NULL),
(22, 15, 5, '2025-09-21 11:07:38', NULL, '2025-09-21 11:07:38', NULL),
(23, 16, 14, '2025-09-21 11:07:38', NULL, '2025-09-21 11:07:38', NULL),
(24, 17, 15, '2025-09-21 11:07:38', NULL, '2025-09-21 11:07:38', NULL),
(25, 18, 18, '2025-09-21 11:07:38', NULL, '2025-09-21 11:07:38', NULL),
(26, 19, 19, '2025-09-21 11:07:38', NULL, '2025-09-21 11:07:38', NULL),
(27, 20, 20, '2025-09-21 11:07:38', NULL, '2025-09-21 11:07:38', NULL),
(28, 21, 5, '2025-09-21 11:07:38', NULL, '2025-09-21 11:07:38', NULL),
(29, 22, 9, '2025-09-21 11:07:38', NULL, '2025-09-21 11:07:38', NULL),
(30, 23, 12, '2025-09-21 11:07:38', NULL, '2025-09-21 11:07:38', NULL),
(31, 24, 13, '2025-09-21 11:07:38', NULL, '2025-09-21 11:07:38', NULL),
(32, 25, 9, '2025-09-21 11:07:38', NULL, '2025-09-21 11:07:38', NULL),
(33, 26, 2, '2025-09-21 11:07:38', NULL, '2025-09-21 11:07:38', NULL),
(34, 27, 6, '2025-09-21 11:07:38', NULL, '2025-09-21 11:07:38', NULL),
(35, 28, 1, '2025-09-21 11:07:38', NULL, '2025-09-21 11:07:38', NULL),
(36, 29, 8, '2025-09-21 11:07:38', NULL, '2025-09-21 11:07:38', NULL),
(37, 30, 15, '2025-09-21 11:07:38', NULL, '2025-09-21 11:07:38', NULL),
(38, 31, 13, '2025-09-21 11:07:38', NULL, '2025-09-21 11:07:38', NULL),
(39, 32, 16, '2025-09-21 11:07:38', NULL, '2025-09-21 11:07:38', NULL),
(40, 33, 3, '2025-09-21 11:07:38', NULL, '2025-09-21 11:07:38', NULL),
(41, 34, 7, '2025-09-21 11:07:38', NULL, '2025-09-21 11:07:38', NULL),
(42, 35, 6, '2025-09-21 11:07:38', NULL, '2025-09-21 11:07:38', NULL),
(43, 36, 7, '2025-09-21 11:07:38', NULL, '2025-09-21 11:07:38', NULL),
(44, 37, 16, '2025-09-21 11:07:38', NULL, '2025-09-21 11:07:38', NULL),
(45, 38, 20, '2025-09-21 11:07:38', NULL, '2025-09-21 11:07:38', NULL),
(46, 39, 10, '2025-09-21 11:07:38', NULL, '2025-09-21 11:07:38', NULL),
(47, 40, 11, '2025-09-21 11:07:38', NULL, '2025-09-21 11:07:38', NULL),
(48, 41, 2, '2025-09-21 11:07:38', NULL, '2025-09-21 11:07:38', NULL),
(49, 42, 20, '2025-09-21 11:07:38', NULL, '2025-09-21 11:07:38', NULL),
(50, 43, 10, '2025-09-21 11:07:38', NULL, '2025-09-21 11:07:38', NULL),
(51, 44, 12, '2025-09-21 11:07:38', NULL, '2025-09-21 11:07:38', NULL),
(52, 45, 7, '2025-09-21 11:07:38', NULL, '2025-09-21 11:07:38', NULL),
(53, 46, 18, '2025-09-21 11:07:38', NULL, '2025-09-21 11:07:38', NULL),
(54, 47, 12, '2025-09-21 11:07:38', NULL, '2025-09-21 11:07:38', NULL),
(55, 48, 2, '2025-09-21 11:07:38', NULL, '2025-09-21 11:07:38', NULL),
(56, 49, 17, '2025-09-21 11:07:38', NULL, '2025-09-21 11:07:38', NULL),
(57, 50, 16, '2025-09-21 11:07:38', NULL, '2025-09-21 11:07:38', NULL),
(58, 51, 11, '2025-09-21 11:07:38', NULL, '2025-09-21 11:07:38', NULL),
(59, 52, 4, '2025-09-21 11:07:38', NULL, '2025-09-21 11:07:38', NULL),
(60, 53, 8, '2025-09-21 11:07:38', NULL, '2025-09-21 11:07:38', NULL),
(61, 54, 7, '2025-09-21 11:07:38', NULL, '2025-09-21 11:07:38', NULL),
(62, 55, 9, '2025-09-21 11:07:38', NULL, '2025-09-21 11:07:38', NULL),
(63, 56, 6, '2025-09-21 11:07:38', NULL, '2025-09-21 11:07:38', NULL),
(64, 57, 2, '2025-09-21 11:07:38', NULL, '2025-09-21 11:07:38', NULL),
(65, 58, 9, '2025-09-21 11:07:38', NULL, '2025-09-21 11:07:38', NULL),
(66, 59, 2, '2025-09-21 11:07:38', NULL, '2025-09-21 11:07:38', NULL),
(67, 60, 19, '2025-09-21 11:07:38', NULL, '2025-09-21 11:07:38', NULL),
(68, 61, 12, '2025-09-21 11:07:38', NULL, '2025-09-21 11:07:38', NULL),
(69, 62, 20, '2025-09-21 11:07:38', NULL, '2025-09-21 11:07:38', NULL),
(70, 63, 3, '2025-09-21 11:07:38', NULL, '2025-09-21 11:07:38', NULL),
(71, 64, 17, '2025-09-21 11:07:38', NULL, '2025-09-21 11:07:38', NULL),
(72, 65, 14, '2025-09-21 11:07:38', NULL, '2025-09-21 11:07:38', NULL),
(73, 66, 18, '2025-09-21 11:07:38', NULL, '2025-09-21 11:07:38', NULL),
(74, 67, 9, '2025-09-21 11:07:38', NULL, '2025-09-21 11:07:38', NULL),
(75, 68, 11, '2025-09-21 11:07:38', NULL, '2025-09-21 11:07:38', NULL),
(76, 69, 8, '2025-09-21 11:07:38', NULL, '2025-09-21 11:07:38', NULL),
(77, 70, 6, '2025-09-21 11:07:38', NULL, '2025-09-21 11:07:38', NULL),
(78, 71, 6, '2025-09-21 11:07:38', NULL, '2025-09-21 11:07:38', NULL),
(79, 72, 11, '2025-09-21 11:07:38', NULL, '2025-09-21 11:07:38', NULL),
(80, 73, 16, '2025-09-21 11:07:38', NULL, '2025-09-21 11:07:38', NULL),
(81, 74, 5, '2025-09-21 11:07:38', NULL, '2025-09-21 11:07:38', NULL),
(82, 75, 19, '2025-09-21 11:07:38', NULL, '2025-09-21 11:07:38', NULL),
(83, 76, 18, '2025-09-21 11:07:38', NULL, '2025-09-21 11:07:38', NULL),
(84, 77, 11, '2025-09-21 11:07:38', NULL, '2025-09-21 11:07:38', NULL),
(85, 78, 2, '2025-09-21 11:07:38', NULL, '2025-09-21 11:07:38', NULL),
(86, 79, 18, '2025-09-21 11:07:38', NULL, '2025-09-21 11:07:38', NULL),
(87, 80, 2, '2025-09-21 11:07:38', NULL, '2025-09-21 11:07:38', NULL),
(88, 81, 17, '2025-09-21 11:07:38', NULL, '2025-09-21 11:07:38', NULL),
(89, 82, 19, '2025-09-21 11:07:38', NULL, '2025-09-21 11:07:38', NULL),
(90, 83, 4, '2025-09-21 11:07:38', NULL, '2025-09-21 11:07:38', NULL),
(91, 84, 20, '2025-09-21 11:07:38', NULL, '2025-09-21 11:07:38', NULL),
(92, 85, 8, '2025-09-21 11:07:38', NULL, '2025-09-21 11:07:38', NULL),
(93, 86, 1, '2025-09-21 11:07:38', NULL, '2025-09-21 11:07:38', NULL),
(94, 87, 1, '2025-09-21 11:07:38', NULL, '2025-09-21 11:07:38', NULL),
(95, 88, 19, '2025-09-21 11:07:38', NULL, '2025-09-21 11:07:38', NULL),
(96, 89, 13, '2025-09-21 11:07:38', NULL, '2025-09-21 11:07:38', NULL),
(97, 90, 8, '2025-09-21 11:07:38', NULL, '2025-09-21 11:07:38', NULL),
(98, 91, 19, '2025-09-21 11:07:38', NULL, '2025-09-21 11:07:38', NULL),
(99, 92, 9, '2025-09-21 11:07:38', NULL, '2025-09-21 11:07:38', NULL),
(100, 93, 11, '2025-09-21 11:07:38', NULL, '2025-09-21 11:07:38', NULL),
(101, 94, 5, '2025-09-21 11:07:38', NULL, '2025-09-21 11:07:38', NULL),
(102, 95, 11, '2025-09-21 11:07:38', NULL, '2025-09-21 11:07:38', NULL),
(103, 96, 20, '2025-09-21 11:07:38', NULL, '2025-09-21 11:07:38', NULL),
(104, 97, 8, '2025-09-21 11:07:38', NULL, '2025-09-21 11:07:38', NULL),
(105, 98, 18, '2025-09-21 11:07:38', NULL, '2025-09-21 11:07:38', NULL),
(106, 99, 5, '2025-09-21 11:07:38', NULL, '2025-09-21 11:07:38', NULL),
(107, 100, 11, '2025-09-21 11:07:38', NULL, '2025-09-21 11:07:38', NULL),
(108, 110, 19, '2025-09-21 11:07:38', NULL, '2025-09-21 11:07:38', NULL);

-- 
-- Restore previous SQL mode
-- 
/*!40101 SET SQL_MODE=@OLD_SQL_MODE */;

-- 
-- Enable foreign keys
-- 
/*!40014 SET FOREIGN_KEY_CHECKS = @OLD_FOREIGN_KEY_CHECKS */;